coal_region,county,state_code,FIPS,state,sum,count
1,Bibb,1,1007,AL,1,1
1,Blount,1,1009,AL,1,1
1,Calhoun,1,1015,AL,1,1
1,Chambers,1,1017,AL,1,1
1,Cherokee,1,1019,AL,1,1
1,Chilton,1,1021,AL,1,1
1,Clay,1,1027,AL,1,1
1,Cleburne,1,1029,AL,1,1
1,Colbert,1,1033,AL,1,1
1,Coosa,1,1037,AL,1,1
1,Cullman,1,1043,AL,1,1
1,De Kalb,1,1049,AL,1,1
1,Elmore,1,1051,AL,1,1
1,Etowah,1,1055,AL,1,1
1,Fayette,1,1057,AL,1,1
1,Franklin,1,1059,AL,1,1
1,Hale,1,1065,AL,1,1
1,Jackson,1,1071,AL,1,1
1,Jefferson,1,1073,AL,1,1
1,Lamar,1,1075,AL,1,1
1,Lauderdale,1,1077,AL,1,1
1,Lawrence,1,1079,AL,1,1
1,Limestone,1,1083,AL,1,1
1,Macon,1,1087,AL,1,1
1,Madison,1,1089,AL,1,1
1,Marion,1,1093,AL,1,1
1,Marshall,1,1095,AL,1,1
1,Morgan,1,1103,AL,1,1
1,Pickens,1,1107,AL,1,1
1,Randolph,1,1111,AL,1,1
1,St Clair,1,1115,AL,1,1
1,Shelby,1,1117,AL,1,1
1,Talladega,1,1121,AL,1,1
1,Tallapoosa,1,1123,AL,1,1
1,Tuscaloosa,1,1125,AL,1,1
1,Walker,1,1127,AL,1,1
1,Winston,1,1133,AL,1,1
3,Apache,4,4001,AZ,1,1
3,Cochise,4,4003,AZ,1,1
3,Coconino,4,4005,AZ,1,1
3,Gila,4,4007,AZ,1,1
3,Graham,4,4009,AZ,1,1
3,Greenlee,4,4011,AZ,1,1
3,La Paz,4,4012,AZ,1,1
3,Maricopa,4,4013,AZ,1,1
3,Mohave,4,4015,AZ,1,1
3,Navajo,4,4017,AZ,1,1
3,Pima,4,4019,AZ,1,1
3,Pinal,4,4021,AZ,1,1
3,Santa Cruz,4,4023,AZ,1,1
3,Yavapai,4,4025,AZ,1,1
3,Yuma,4,4027,AZ,1,1
2,Arkansas,5,5001,AR,1,1
2,Ashley,5,5003,AR,1,1
2,Baxter,5,5005,AR,1,1
2,Benton,5,5007,AR,1,1
2,Boone,5,5009,AR,1,1
2,Bradley,5,5011,AR,1,1
2,Calhoun,5,5013,AR,1,1
2,Carroll,5,5015,AR,1,1
2,Chicot,5,5017,AR,1,1
2,Clark,5,5019,AR,1,1
2,Clay,5,5021,AR,1,1
2,Cleburne,5,5023,AR,1,1
2,Cleveland,5,5025,AR,1,1
2,Columbia,5,5027,AR,1,1
2,Conway,5,5029,AR,1,1
2,Craighead,5,5031,AR,1,1
2,Crawford,5,5033,AR,1,1
2,Crittenden,5,5035,AR,1,1
2,Cross,5,5037,AR,1,1
2,Dallas,5,5039,AR,1,1
2,Desha,5,5041,AR,1,1
2,Drew,5,5043,AR,1,1
2,Faulkner,5,5045,AR,1,1
2,Franklin,5,5047,AR,1,1
2,Fulton,5,5049,AR,1,1
2,Garland,5,5051,AR,1,1
2,Grant,5,5053,AR,1,1
2,Greene,5,5055,AR,1,1
2,Hempstead,5,5057,AR,1,1
2,Hot Spring,5,5059,AR,1,1
2,Howard,5,5061,AR,1,1
2,Independence,5,5063,AR,1,1
2,Izard,5,5065,AR,1,1
2,Jackson,5,5067,AR,1,1
2,Jefferson,5,5069,AR,1,1
2,Johnson,5,5071,AR,1,1
2,Lafayette,5,5073,AR,1,1
2,Lawrence,5,5075,AR,1,1
2,Lee,5,5077,AR,1,1
2,Lincoln,5,5079,AR,1,1
2,Little River,5,5081,AR,1,1
2,Logan,5,5083,AR,1,1
2,Lonoke,5,5085,AR,1,1
2,Madison,5,5087,AR,1,1
2,Marion,5,5089,AR,1,1
2,Miller,5,5091,AR,1,1
2,Mississippi,5,5093,AR,1,1
2,Monroe,5,5095,AR,1,1
2,Montgomery,5,5097,AR,1,1
2,Nevada,5,5099,AR,1,1
2,Newton,5,5101,AR,1,1
2,Ouachita,5,5103,AR,1,1
2,Perry,5,5105,AR,1,1
2,Phillips,5,5107,AR,1,1
2,Pike,5,5109,AR,1,1
2,Poinsett,5,5111,AR,1,1
2,Polk,5,5113,AR,1,1
2,Pope,5,5115,AR,1,1
2,Prairie,5,5117,AR,1,1
2,Pulaski,5,5119,AR,1,1
2,Randolph,5,5121,AR,1,1
2,St Francis,5,5123,AR,1,1
2,Saline,5,5125,AR,1,1
2,Scott,5,5127,AR,1,1
2,Searcy,5,5129,AR,1,1
2,Sebastian,5,5131,AR,1,1
2,Sevier,5,5133,AR,1,1
2,Sharp,5,5135,AR,1,1
2,Stone,5,5137,AR,1,1
2,Union,5,5139,AR,1,1
2,Van Buren,5,5141,AR,1,1
2,Washington,5,5143,AR,1,1
2,White,5,5145,AR,1,1
2,Woodruff,5,5147,AR,1,1
2,Yell,5,5149,AR,1,1
3,Adams,8,8001,CO,1,1
3,Alamosa,8,8003,CO,1,1
3,Arapahoe,8,8005,CO,1,1
3,Archuleta,8,8007,CO,1,1
3,Baca,8,8009,CO,1,1
3,Bent,8,8011,CO,1,1
3,Boulder,8,8013,CO,1,1
3,Chaffee,8,8015,CO,1,1
3,Cheyenne,8,8017,CO,1,1
3,Clear Creek,8,8019,CO,1,1
3,Conejos,8,8021,CO,1,1
3,Costilla,8,8023,CO,1,1
3,Crowley,8,8025,CO,1,1
3,Custer,8,8027,CO,1,1
3,Delta,8,8029,CO,1,1
3,Denver,8,8031,CO,1,1
3,Dolores,8,8033,CO,1,1
3,Douglas,8,8035,CO,1,1
3,Eagle,8,8037,CO,1,1
3,Elbert,8,8039,CO,1,1
3,El Paso,8,8041,CO,1,1
3,Fremont,8,8043,CO,1,1
3,Garfield,8,8045,CO,1,1
3,Gilpin,8,8047,CO,1,1
3,Grand,8,8049,CO,1,1
3,Gunnison,8,8051,CO,1,1
3,Hinsdale,8,8053,CO,1,1
3,Huerfano,8,8055,CO,1,1
3,Jackson,8,8057,CO,1,1
3,Jefferson,8,8059,CO,1,1
3,Kiowa,8,8061,CO,1,1
3,Kit Carson,8,8063,CO,1,1
3,Lake,8,8065,CO,1,1
3,La Plata,8,8067,CO,1,1
3,Larimer,8,8069,CO,1,1
3,Las Animas,8,8071,CO,1,1
3,Lincoln,8,8073,CO,1,1
3,Logan,8,8075,CO,1,1
3,Mesa,8,8077,CO,1,1
3,Mineral,8,8079,CO,1,1
3,Moffat,8,8081,CO,1,1
3,Montezuma,8,8083,CO,1,1
3,Montrose,8,8085,CO,1,1
3,Morgan,8,8087,CO,1,1
3,Otero,8,8089,CO,1,1
3,Ouray,8,8091,CO,1,1
3,Park,8,8093,CO,1,1
3,Phillips,8,8095,CO,1,1
3,Pitkin,8,8097,CO,1,1
3,Prowers,8,8099,CO,1,1
3,Pueblo,8,8101,CO,1,1
3,Rio Blanco,8,8103,CO,1,1
3,Rio Grande,8,8105,CO,1,1
3,Routt,8,8107,CO,1,1
3,Saguache,8,8109,CO,1,1
3,San Juan,8,8111,CO,1,1
3,San Miguel,8,8113,CO,1,1
3,Sedgwick,8,8115,CO,1,1
3,Summit,8,8117,CO,1,1
3,Teller,8,8119,CO,1,1
3,Washington,8,8121,CO,1,1
3,Weld,8,8123,CO,1,1
3,Yuma,8,8125,CO,1,1
1,Banks,13,13011,GA,1,1
1,Barrow,13,13013,GA,1,1
1,Bartow,13,13015,GA,1,1
1,Carroll,13,13045,GA,1,1
1,Catoosa,13,13047,GA,1,1
1,Chattooga,13,13055,GA,1,1
1,Cherokee,13,13057,GA,1,1
1,Dade,13,13083,GA,1,1
1,Dawson,13,13085,GA,1,1
1,Douglas,13,13097,GA,1,1
1,Elbert,13,13105,GA,1,1
1,Fannin,13,13111,GA,1,1
1,Floyd,13,13115,GA,1,1
1,Forsyth,13,13117,GA,1,1
1,Franklin,13,13119,GA,1,1
1,Gilmer,13,13123,GA,1,1
1,Gordon,13,13129,GA,1,1
1,Gwinnett,13,13135,GA,1,1
1,Habersham,13,13137,GA,1,1
1,Hall,13,13139,GA,1,1
1,Haralson,13,13143,GA,1,1
1,Hart,13,13147,GA,1,1
1,Heard,13,13149,GA,1,1
1,Jackson,13,13157,GA,1,1
1,Lumpkin,13,13187,GA,1,1
1,Madison,13,13195,GA,1,1
1,Murray,13,13213,GA,1,1
1,Paulding,13,13223,GA,1,1
1,Pickens,13,13227,GA,1,1
1,Polk,13,13233,GA,1,1
1,Rabun,13,13241,GA,1,1
1,Stephens,13,13257,GA,1,1
1,Towns,13,13281,GA,1,1
1,Union,13,13291,GA,1,1
1,Walker,13,13295,GA,1,1
1,White,13,13311,GA,1,1
1,Whitfield,13,13313,GA,1,1
2,Adams,17,17001,IL,1,1
2,Alexander,17,17003,IL,1,1
2,Bond,17,17005,IL,1,1
2,Boone,17,17007,IL,1,1
2,Brown,17,17009,IL,1,1
2,Bureau,17,17011,IL,1,1
2,Calhoun,17,17013,IL,1,1
2,Carroll,17,17015,IL,1,1
2,Cass,17,17017,IL,1,1
2,Champaign,17,17019,IL,1,1
2,Christian,17,17021,IL,1,1
2,Clark,17,17023,IL,1,1
2,Clay,17,17025,IL,1,1
2,Clinton,17,17027,IL,1,1
2,Coles,17,17029,IL,1,1
2,Cook,17,17031,IL,1,1
2,Crawford,17,17033,IL,1,1
2,Cumberland,17,17035,IL,1,1
2,De Kalb,17,17037,IL,1,1
2,De Witt,17,17039,IL,1,1
2,Douglas,17,17041,IL,1,1
2,Du Page,17,17043,IL,1,1
2,Edgar,17,17045,IL,1,1
2,Edwards,17,17047,IL,1,1
2,Effingham,17,17049,IL,1,1
2,Fayette,17,17051,IL,1,1
2,Ford,17,17053,IL,1,1
2,Franklin,17,17055,IL,1,1
2,Fulton,17,17057,IL,1,1
2,Gallatin,17,17059,IL,1,1
2,Greene,17,17061,IL,1,1
2,Grundy,17,17063,IL,1,1
2,Hamilton,17,17065,IL,1,1
2,Hancock,17,17067,IL,1,1
2,Hardin,17,17069,IL,1,1
2,Henderson,17,17071,IL,1,1
2,Henry,17,17073,IL,1,1
2,Iroquois,17,17075,IL,1,1
2,Jackson,17,17077,IL,1,1
2,Jasper,17,17079,IL,1,1
2,Jefferson,17,17081,IL,1,1
2,Jersey,17,17083,IL,1,1
2,Jo Daviess,17,17085,IL,1,1
2,Johnson,17,17087,IL,1,1
2,Kane,17,17089,IL,1,1
2,Kankakee,17,17091,IL,1,1
2,Kendall,17,17093,IL,1,1
2,Knox,17,17095,IL,1,1
2,Lake,17,17097,IL,1,1
2,La Salle,17,17099,IL,1,1
2,Lawrence,17,17101,IL,1,1
2,Lee,17,17103,IL,1,1
2,Livingston,17,17105,IL,1,1
2,Logan,17,17107,IL,1,1
2,McDonough,17,17109,IL,1,1
2,McHenry,17,17111,IL,1,1
2,McLean,17,17113,IL,1,1
2,Macon,17,17115,IL,1,1
2,Macoupin,17,17117,IL,1,1
2,Madison,17,17119,IL,1,1
2,Marion,17,17121,IL,1,1
2,Marshall,17,17123,IL,1,1
2,Mason,17,17125,IL,1,1
2,Massac,17,17127,IL,1,1
2,Menard,17,17129,IL,1,1
2,Mercer,17,17131,IL,1,1
2,Monroe,17,17133,IL,1,1
2,Montgomery,17,17135,IL,1,1
2,Morgan,17,17137,IL,1,1
2,Moultrie,17,17139,IL,1,1
2,Ogle,17,17141,IL,1,1
2,Peoria,17,17143,IL,1,1
2,Perry,17,17145,IL,1,1
2,Piatt,17,17147,IL,1,1
2,Pike,17,17149,IL,1,1
2,Pope,17,17151,IL,1,1
2,Pulaski,17,17153,IL,1,1
2,Putnam,17,17155,IL,1,1
2,Randolph,17,17157,IL,1,1
2,Richland,17,17159,IL,1,1
2,Rock Island,17,17161,IL,1,1
2,St Clair,17,17163,IL,1,1
2,Saline,17,17165,IL,1,1
2,Sangamon,17,17167,IL,1,1
2,Schuyler,17,17169,IL,1,1
2,Scott,17,17171,IL,1,1
2,Shelby,17,17173,IL,1,1
2,Stark,17,17175,IL,1,1
2,Stephenson,17,17177,IL,1,1
2,Tazewell,17,17179,IL,1,1
2,Union,17,17181,IL,1,1
2,Vermilion,17,17183,IL,1,1
2,Wabash,17,17185,IL,1,1
2,Warren,17,17187,IL,1,1
2,Washington,17,17189,IL,1,1
2,Wayne,17,17191,IL,1,1
2,White,17,17193,IL,1,1
2,Whiteside,17,17195,IL,1,1
2,Will,17,17197,IL,1,1
2,Williamson,17,17199,IL,1,1
2,Winnebago,17,17201,IL,1,1
2,Woodford,17,17203,IL,1,1
2,Allen,18,18003,IN,1,1
2,Bartholomew,18,18005,IN,1,1
2,Benton,18,18007,IN,1,1
2,Blackford,18,18009,IN,1,1
2,Boone,18,18011,IN,1,1
2,Brown,18,18013,IN,1,1
2,Carroll,18,18015,IN,1,1
2,Cass,18,18017,IN,1,1
2,Clark,18,18019,IN,1,1
2,Clay,18,18021,IN,1,1
2,Clinton,18,18023,IN,1,1
2,Crawford,18,18025,IN,1,1
2,Daviess,18,18027,IN,1,1
2,Dearborn,18,18029,IN,1,1
2,Decatur,18,18031,IN,1,1
2,De Kalb,18,18033,IN,1,1
2,Delaware,18,18035,IN,1,1
2,Dubois,18,18037,IN,1,1
2,Elkhart,18,18039,IN,1,1
2,Fayette,18,18041,IN,1,1
2,Floyd,18,18043,IN,1,1
2,Fountain,18,18045,IN,1,1
2,Franklin,18,18047,IN,1,1
2,Fulton,18,18049,IN,1,1
2,Gibson,18,18051,IN,1,1
2,Grant,18,18053,IN,1,1
2,Greene,18,18055,IN,1,1
2,Hamilton,18,18057,IN,1,1
2,Hancock,18,18059,IN,1,1
2,Harrison,18,18061,IN,1,1
2,Hendricks,18,18063,IN,1,1
2,Henry,18,18065,IN,1,1
2,Howard,18,18067,IN,1,1
2,Huntington,18,18069,IN,1,1
2,Jackson,18,18071,IN,1,1
2,Jasper,18,18073,IN,1,1
2,Jay,18,18075,IN,1,1
2,Jefferson,18,18077,IN,1,1
2,Jennings,18,18079,IN,1,1
2,Johnson,18,18081,IN,1,1
2,Knox,18,18083,IN,1,1
2,Kosciusko,18,18085,IN,1,1
2,La Grange,18,18087,IN,1,1
2,Lake,18,18089,IN,1,1
2,La Porte,18,18091,IN,1,1
2,Lawrence,18,18093,IN,1,1
2,Madison,18,18095,IN,1,1
2,Marion,18,18097,IN,1,1
2,Marshall,18,18099,IN,1,1
2,Martin,18,18101,IN,1,1
2,Miami,18,18103,IN,1,1
2,Monroe,18,18105,IN,1,1
2,Montgomery,18,18107,IN,1,1
2,Morgan,18,18109,IN,1,1
2,Newton,18,18111,IN,1,1
2,Noble,18,18113,IN,1,1
2,Ohio,18,18115,IN,1,1
2,Orange,18,18117,IN,1,1
2,Owen,18,18119,IN,1,1
2,Parke,18,18121,IN,1,1
2,Perry,18,18123,IN,1,1
2,Pike,18,18125,IN,1,1
2,Porter,18,18127,IN,1,1
2,Posey,18,18129,IN,1,1
2,Pulaski,18,18131,IN,1,1
2,Putnam,18,18133,IN,1,1
2,Randolph,18,18135,IN,1,1
2,Ripley,18,18137,IN,1,1
2,Rush,18,18139,IN,1,1
2,St Joseph,18,18141,IN,1,1
2,Scott,18,18143,IN,1,1
2,Shelby,18,18145,IN,1,1
2,Spencer,18,18147,IN,1,1
2,Starke,18,18149,IN,1,1
2,Steuben,18,18151,IN,1,1
2,Sullivan,18,18153,IN,1,1
2,Switzerland,18,18155,IN,1,1
2,Tippecanoe,18,18157,IN,1,1
2,Tipton,18,18159,IN,1,1
2,Union,18,18161,IN,1,1
2,Vanderburgh,18,18163,IN,1,1
2,Vermillion,18,18165,IN,1,1
2,Vigo,18,18167,IN,1,1
2,Wabash,18,18169,IN,1,1
2,Warren,18,18171,IN,1,1
2,Warrick,18,18173,IN,1,1
2,Washington,18,18175,IN,1,1
2,Wayne,18,18177,IN,1,1
2,Wells,18,18179,IN,1,1
2,White,18,18181,IN,1,1
2,Whitley,18,18183,IN,1,1
2,Allen,20,20001,KS,1,1
2,Anderson,20,20003,KS,1,1
2,Atchison,20,20005,KS,1,1
2,Barber,20,20007,KS,1,1
2,Barton,20,20009,KS,1,1
2,Bourbon,20,20011,KS,1,1
2,Brown,20,20013,KS,1,1
2,Butler,20,20015,KS,1,1
2,Chase,20,20017,KS,1,1
2,Chautauqua,20,20019,KS,1,1
2,Cherokee,20,20021,KS,1,1
2,Cheyenne,20,20023,KS,1,1
2,Clark,20,20025,KS,1,1
2,Clay,20,20027,KS,1,1
2,Cloud,20,20029,KS,1,1
2,Coffey,20,20031,KS,1,1
2,Comanche,20,20033,KS,1,1
2,Cowley,20,20035,KS,1,1
2,Crawford,20,20037,KS,1,1
2,Decatur,20,20039,KS,1,1
2,Dickinson,20,20041,KS,1,1
2,Doniphan,20,20043,KS,1,1
2,Douglas,20,20045,KS,1,1
2,Edwards,20,20047,KS,1,1
2,Elk,20,20049,KS,1,1
2,Ellis,20,20051,KS,1,1
2,Ellsworth,20,20053,KS,1,1
2,Finney,20,20055,KS,1,1
2,Ford,20,20057,KS,1,1
2,Franklin,20,20059,KS,1,1
2,Geary,20,20061,KS,1,1
2,Gove,20,20063,KS,1,1
2,Graham,20,20065,KS,1,1
2,Grant,20,20067,KS,1,1
2,Gray,20,20069,KS,1,1
2,Greeley,20,20071,KS,1,1
2,Greenwood,20,20073,KS,1,1
2,Hamilton,20,20075,KS,1,1
2,Harper,20,20077,KS,1,1
2,Harvey,20,20079,KS,1,1
2,Haskell,20,20081,KS,1,1
2,Hodgeman,20,20083,KS,1,1
2,Jackson,20,20085,KS,1,1
2,Jefferson,20,20087,KS,1,1
2,Jewell,20,20089,KS,1,1
2,Johnson,20,20091,KS,1,1
2,Kearny,20,20093,KS,1,1
2,Kingman,20,20095,KS,1,1
2,Kiowa,20,20097,KS,1,1
2,Labette,20,20099,KS,1,1
2,Lane,20,20101,KS,1,1
2,Leavenworth,20,20103,KS,1,1
2,Lincoln,20,20105,KS,1,1
2,Linn,20,20107,KS,1,1
2,Logan,20,20109,KS,1,1
2,Lyon,20,20111,KS,1,1
2,McPherson,20,20113,KS,1,1
2,Marion,20,20115,KS,1,1
2,Marshall,20,20117,KS,1,1
2,Meade,20,20119,KS,1,1
2,Miami,20,20121,KS,1,1
2,Mitchell,20,20123,KS,1,1
2,Montgomery,20,20125,KS,1,1
2,Morris,20,20127,KS,1,1
2,Morton,20,20129,KS,1,1
2,Nemaha,20,20131,KS,1,1
2,Neosho,20,20133,KS,1,1
2,Ness,20,20135,KS,1,1
2,Norton,20,20137,KS,1,1
2,Osage,20,20139,KS,1,1
2,Osborne,20,20141,KS,1,1
2,Ottawa,20,20143,KS,1,1
2,Pawnee,20,20145,KS,1,1
2,Phillips,20,20147,KS,1,1
2,Pottawatomie,20,20149,KS,1,1
2,Pratt,20,20151,KS,1,1
2,Rawlins,20,20153,KS,1,1
2,Reno,20,20155,KS,1,1
2,Republic,20,20157,KS,1,1
2,Rice,20,20159,KS,1,1
2,Riley,20,20161,KS,1,1
2,Rooks,20,20163,KS,1,1
2,Rush,20,20165,KS,1,1
2,Russell,20,20167,KS,1,1
2,Saline,20,20169,KS,1,1
2,Scott,20,20171,KS,1,1
2,Sedgwick,20,20173,KS,1,1
2,Seward,20,20175,KS,1,1
2,Shawnee,20,20177,KS,1,1
2,Sheridan,20,20179,KS,1,1
2,Sherman,20,20181,KS,1,1
2,Smith,20,20183,KS,1,1
2,Stafford,20,20185,KS,1,1
2,Stanton,20,20187,KS,1,1
2,Stevens,20,20189,KS,1,1
2,Sumner,20,20191,KS,1,1
2,Thomas,20,20193,KS,1,1
2,Trego,20,20195,KS,1,1
2,Wabaunsee,20,20197,KS,1,1
2,Wallace,20,20199,KS,1,1
2,Washington,20,20201,KS,1,1
2,Wichita,20,20203,KS,1,1
2,Wilson,20,20205,KS,1,1
2,Woodson,20,20207,KS,1,1
2,Wyandotte,20,20209,KS,1,1
1,Adair,21,21001,KY,2,1
2,Allen,21,21003,KY,1,1
2,Ballard,21,21007,KY,1,1
2,Barren,21,21009,KY,1,1
1,Bath,21,21011,KY,1,1
1,Bell,21,21013,KY,1,1
1,Boyd,21,21019,KY,1,1
1,Breathitt,21,21025,KY,1,1
2,Breckinridge,21,21027,KY,1,1
2,Bullitt,21,21029,KY,1,1
2,Butler,21,21031,KY,1,1
2,Caldwell,21,21033,KY,1,1
2,Calloway,21,21035,KY,1,1
2,Carlisle,21,21039,KY,1,1
1,Carter,21,21043,KY,1,1
1,Casey,21,21045,KY,2,1
2,Christian,21,21047,KY,1,1
1,Clark,21,21049,KY,1,1
1,Clay,21,21051,KY,1,1
1,Clinton,21,21053,KY,2,1
2,Crittenden,21,21055,KY,1,1
1,Cumberland,21,21057,KY,2,1
2,Daviess,21,21059,KY,1,1
1,Edmonson,21,21061,KY,2,1
1,Elliott,21,21063,KY,1,1
1,Estill,21,21065,KY,1,1
1,Fleming,21,21069,KY,1,1
1,Floyd,21,21071,KY,1,1
2,Fulton,21,21075,KY,1,1
1,Garrard,21,21079,KY,1,1
2,Graves,21,21083,KY,1,1
2,Grayson,21,21085,KY,1,1
1,Green,21,21087,KY,2,1
1,Greenup,21,21089,KY,1,1
2,Hancock,21,21091,KY,1,1
2,Hardin,21,21093,KY,1,1
1,Harlan,21,21095,KY,1,1
1,Hart,21,21099,KY,2,1
2,Henderson,21,21101,KY,1,1
2,Hickman,21,21105,KY,1,1
2,Hopkins,21,21107,KY,1,1
1,Jackson,21,21109,KY,1,1
2,Jefferson,21,21111,KY,1,1
1,Johnson,21,21115,KY,1,1
1,Knott,21,21119,KY,1,1
1,Knox,21,21121,KY,1,1
2,Larue,21,21123,KY,1,1
1,Laurel,21,21125,KY,1,1
1,Lawrence,21,21127,KY,1,1
1,Lee,21,21129,KY,1,1
1,Leslie,21,21131,KY,1,1
1,Letcher,21,21133,KY,1,1
1,Lewis,21,21135,KY,1,1
1,Lincoln,21,21137,KY,1,1
2,Livingston,21,21139,KY,1,1
2,Logan,21,21141,KY,1,1
2,Lyon,21,21143,KY,1,1
2,McCracken,21,21145,KY,1,1
1,McCreary,21,21147,KY,1,1
2,Mclean,21,21149,KY,1,1
1,Madison,21,21151,KY,1,1
1,Magoffin,21,21153,KY,1,1
2,Marion,21,21155,KY,1,1
2,Marshall,21,21157,KY,1,1
1,Martin,21,21159,KY,1,1
2,Meade,21,21163,KY,1,1
1,Menifee,21,21165,KY,1,1
1,Metcalfe,21,21169,KY,2,1
1,Monroe,21,21171,KY,2,1
1,Montgomery,21,21173,KY,1,1
1,Morgan,21,21175,KY,1,1
2,Muhlenberg,21,21177,KY,1,1
2,Nelson,21,21179,KY,1,1
1,Nicholas,21,21181,KY,1,1
2,Ohio,21,21183,KY,1,1
2,Oldham,21,21185,KY,1,1
1,Owsley,21,21189,KY,1,1
1,Perry,21,21193,KY,1,1
1,Pike,21,21195,KY,1,1
1,Powell,21,21197,KY,1,1
1,Pulaski,21,21199,KY,1,1
1,Robertson,21,21201,KY,1,1
1,Rockcastle,21,21203,KY,1,1
1,Rowan,21,21205,KY,1,1
1,Russell,21,21207,KY,2,1
2,Simpson,21,21213,KY,1,1
2,Spencer,21,21215,KY,1,1
2,Taylor,21,21217,KY,1,1
2,Todd,21,21219,KY,1,1
2,Trigg,21,21221,KY,1,1
2,Union,21,21225,KY,1,1
2,Warren,21,21227,KY,1,1
2,Washington,21,21229,KY,1,1
1,Wayne,21,21231,KY,1,1
2,Webster,21,21233,KY,1,1
1,Whitley,21,21235,KY,1,1
1,Wolfe,21,21237,KY,1,1
2,Acadia,22,22001,LA,1,1
2,Allen,22,22003,LA,1,1
2,Ascension,22,22005,LA,1,1
2,Assumption,22,22007,LA,1,1
2,Avoyelles,22,22009,LA,1,1
2,Beauregard,22,22011,LA,1,1
2,Bienville,22,22013,LA,1,1
2,Bossier,22,22015,LA,1,1
2,Caddo,22,22017,LA,1,1
2,Calcasieu,22,22019,LA,1,1
2,Caldwell,22,22021,LA,1,1
2,Cameron,22,22023,LA,1,1
2,Catahoula,22,22025,LA,1,1
2,Claiborne,22,22027,LA,1,1
2,Concordia,22,22029,LA,1,1
2,De Soto,22,22031,LA,1,1
2,East Baton Rouge,22,22033,LA,1,1
2,East Carroll,22,22035,LA,1,1
2,East Feliciana,22,22037,LA,1,1
2,Evangeline,22,22039,LA,1,1
2,Franklin,22,22041,LA,1,1
2,Grant,22,22043,LA,1,1
2,Iberia,22,22045,LA,1,1
2,Iberville,22,22047,LA,1,1
2,Jackson,22,22049,LA,1,1
2,Jefferson,22,22051,LA,1,1
2,Jefferson Davis,22,22053,LA,1,1
2,Lafayette,22,22055,LA,1,1
2,Lafourche,22,22057,LA,1,1
2,La Salle,22,22059,LA,1,1
2,Lincoln,22,22061,LA,1,1
2,Livingston,22,22063,LA,1,1
2,Madison,22,22065,LA,1,1
2,Morehouse,22,22067,LA,1,1
2,Natchitoches,22,22069,LA,1,1
2,Orleans,22,22071,LA,1,1
2,Ouachita,22,22073,LA,1,1
2,Plaquemines,22,22075,LA,1,1
2,Pointe Coupee,22,22077,LA,1,1
2,Rapides,22,22079,LA,1,1
2,Red River,22,22081,LA,1,1
2,Richland,22,22083,LA,1,1
2,Sabine,22,22085,LA,1,1
2,St Bernard,22,22087,LA,1,1
2,St Charles,22,22089,LA,1,1
2,St Helena,22,22091,LA,1,1
2,St James,22,22093,LA,1,1
2,St John the Baptist,22,22095,LA,1,1
2,St Landry,22,22097,LA,1,1
2,St Martin,22,22099,LA,1,1
2,St Mary,22,22101,LA,1,1
2,St Tammany,22,22103,LA,1,1
2,Tangipahoa,22,22105,LA,1,1
2,Tensas,22,22107,LA,1,1
2,Terrebonne,22,22109,LA,1,1
2,Union,22,22111,LA,1,1
2,Vermilion,22,22113,LA,1,1
2,Vernon,22,22115,LA,1,1
2,Washington,22,22117,LA,1,1
2,Webster,22,22119,LA,1,1
2,West Baton Rouge,22,22121,LA,1,1
2,West Carroll,22,22123,LA,1,1
2,West Feliciana,22,22125,LA,1,1
2,Winn,22,22127,LA,1,1
1,Allegany,24,24001,MD,1,1
1,Garrett,24,24023,MD,1,1
1,Washington,24,24043,MD,1,1
2,Adams,28,28001,MS,1,1
1,Alcorn,28,28003,MS,2,1
2,Amite,28,28005,MS,1,1
2,Attala,28,28007,MS,1,1
1,Benton,28,28009,MS,2,1
2,Bolivar,28,28011,MS,1,1
1,Calhoun,28,28013,MS,2,1
2,Carroll,28,28015,MS,1,1
1,Chickasaw,28,28017,MS,2,1
1,Choctaw,28,28019,MS,2,1
2,Claiborne,28,28021,MS,1,1
2,Clarke,28,28023,MS,1,1
1,Clay,28,28025,MS,2,1
2,Coahoma,28,28027,MS,1,1
2,Copiah,28,28029,MS,1,1
2,Covington,28,28031,MS,1,1
2,De Soto,28,28033,MS,1,1
2,Forrest,28,28035,MS,1,1
2,Franklin,28,28037,MS,1,1
2,George,28,28039,MS,1,1
2,Greene,28,28041,MS,1,1
2,Grenada,28,28043,MS,1,1
2,Hancock,28,28045,MS,1,1
2,Harrison,28,28047,MS,1,1
2,Hinds,28,28049,MS,1,1
2,Holmes,28,28051,MS,1,1
2,Humphreys,28,28053,MS,1,1
2,Issaquena,28,28055,MS,1,1
1,Itawamba,28,28057,MS,2,1
2,Jackson,28,28059,MS,1,1
2,Jasper,28,28061,MS,1,1
2,Jefferson,28,28063,MS,1,1
2,Jefferson Davis,28,28065,MS,1,1
2,Jones,28,28067,MS,1,1
1,Kemper,28,28069,MS,2,1
2,Lafayette,28,28071,MS,1,1
2,Lamar,28,28073,MS,1,1
2,Lauderdale,28,28075,MS,1,1
2,Lawrence,28,28077,MS,1,1
2,Leake,28,28079,MS,1,1
1,Lee,28,28081,MS,2,1
2,Leflore,28,28083,MS,1,1
2,Lincoln,28,28085,MS,1,1
1,Lowndes,28,28087,MS,2,1
2,Madison,28,28089,MS,1,1
2,Marion,28,28091,MS,1,1
1,Marshall,28,28093,MS,2,1
1,Monroe,28,28095,MS,2,1
1,Montgomery,28,28097,MS,2,1
2,Neshoba,28,28099,MS,1,1
2,Newton,28,28101,MS,1,1
1,Noxubee,28,28103,MS,2,1
1,Oktibbeha,28,28105,MS,2,1
1,Panola,28,28107,MS,2,1
2,Pearl River,28,28109,MS,1,1
2,Perry,28,28111,MS,1,1
2,Pike,28,28113,MS,1,1
1,Pontotoc,28,28115,MS,2,1
1,Prentiss,28,28117,MS,2,1
2,Quitman,28,28119,MS,1,1
2,Rankin,28,28121,MS,1,1
2,Scott,28,28123,MS,1,1
2,Sharkey,28,28125,MS,1,1
2,Simpson,28,28127,MS,1,1
2,Smith,28,28129,MS,1,1
2,Stone,28,28131,MS,1,1
2,Sunflower,28,28133,MS,1,1
2,Tallahatchie,28,28135,MS,1,1
2,Tate,28,28137,MS,1,1
1,Tippah,28,28139,MS,2,1
1,Tishomingo,28,28141,MS,2,1
2,Tunica,28,28143,MS,1,1
1,Union,28,28145,MS,2,1
2,Walthall,28,28147,MS,1,1
2,Warren,28,28149,MS,1,1
2,Washington,28,28151,MS,1,1
2,Wayne,28,28153,MS,1,1
1,Webster,28,28155,MS,2,1
2,Wilkinson,28,28157,MS,1,1
1,Winston,28,28159,MS,2,1
1,Yalobusha,28,28161,MS,2,1
2,Yazoo,28,28163,MS,1,1
2,Adair,29,29001,MO,1,1
2,Andrew,29,29003,MO,1,1
2,Atchison,29,29005,MO,1,1
2,Audrain,29,29007,MO,1,1
2,Barry,29,29009,MO,1,1
2,Barton,29,29011,MO,1,1
2,Bates,29,29013,MO,1,1
2,Benton,29,29015,MO,1,1
2,Bollinger,29,29017,MO,1,1
2,Boone,29,29019,MO,1,1
2,Buchanan,29,29021,MO,1,1
2,Butler,29,29023,MO,1,1
2,Caldwell,29,29025,MO,1,1
2,Callaway,29,29027,MO,1,1
2,Camden,29,29029,MO,1,1
2,Cape Girardeau,29,29031,MO,1,1
2,Carroll,29,29033,MO,1,1
2,Carter,29,29035,MO,1,1
2,Cass,29,29037,MO,1,1
2,Cedar,29,29039,MO,1,1
2,Chariton,29,29041,MO,1,1
2,Christian,29,29043,MO,1,1
2,Clark,29,29045,MO,1,1
2,Clay,29,29047,MO,1,1
2,Clinton,29,29049,MO,1,1
2,Cole,29,29051,MO,1,1
2,Cooper,29,29053,MO,1,1
2,Crawford,29,29055,MO,1,1
2,Dade,29,29057,MO,1,1
2,Dallas,29,29059,MO,1,1
2,Daviess,29,29061,MO,1,1
2,De Kalb,29,29063,MO,1,1
2,Dent,29,29065,MO,1,1
2,Douglas,29,29067,MO,1,1
2,Dunklin,29,29069,MO,1,1
2,Franklin,29,29071,MO,1,1
2,Gasconade,29,29073,MO,1,1
2,Gentry,29,29075,MO,1,1
2,Greene,29,29077,MO,1,1
2,Grundy,29,29079,MO,1,1
2,Harrison,29,29081,MO,1,1
2,Henry,29,29083,MO,1,1
2,Hickory,29,29085,MO,1,1
2,Holt,29,29087,MO,1,1
2,Howard,29,29089,MO,1,1
2,Howell,29,29091,MO,1,1
2,Iron,29,29093,MO,1,1
2,Jackson,29,29095,MO,1,1
2,Jasper,29,29097,MO,1,1
2,Jefferson,29,29099,MO,1,1
2,Johnson,29,29101,MO,1,1
2,Knox,29,29103,MO,1,1
2,Laclede,29,29105,MO,1,1
2,Lafayette,29,29107,MO,1,1
2,Lawrence,29,29109,MO,1,1
2,Lewis,29,29111,MO,1,1
2,Lincoln,29,29113,MO,1,1
2,Linn,29,29115,MO,1,1
2,Livingston,29,29117,MO,1,1
2,McDonald,29,29119,MO,1,1
2,Macon,29,29121,MO,1,1
2,Madison,29,29123,MO,1,1
2,Maries,29,29125,MO,1,1
2,Marion,29,29127,MO,1,1
2,Mercer,29,29129,MO,1,1
2,Miller,29,29131,MO,1,1
2,Mississippi,29,29133,MO,1,1
2,Moniteau,29,29135,MO,1,1
2,Monroe,29,29137,MO,1,1
2,Montgomery,29,29139,MO,1,1
2,Morgan,29,29141,MO,1,1
2,New Madrid,29,29143,MO,1,1
2,Newton,29,29145,MO,1,1
2,Nodaway,29,29147,MO,1,1
2,Oregon,29,29149,MO,1,1
2,Osage,29,29151,MO,1,1
2,Ozark,29,29153,MO,1,1
2,Pemiscot,29,29155,MO,1,1
2,Perry,29,29157,MO,1,1
2,Pettis,29,29159,MO,1,1
2,Phelps,29,29161,MO,1,1
2,Pike,29,29163,MO,1,1
2,Platte,29,29165,MO,1,1
2,Polk,29,29167,MO,1,1
2,Pulaski,29,29169,MO,1,1
2,Putnam,29,29171,MO,1,1
2,Ralls,29,29173,MO,1,1
2,Randolph,29,29175,MO,1,1
2,Ray,29,29177,MO,1,1
2,Reynolds,29,29179,MO,1,1
2,Ripley,29,29181,MO,1,1
2,St Charles,29,29183,MO,1,1
2,St Clair,29,29185,MO,1,1
2,Ste. Genevieve,29,29186,MO,1,1
2,St Francois,29,29187,MO,1,1
2,St Louis,29,29189,MO,1,1
2,Saline,29,29195,MO,1,1
2,Schuyler,29,29197,MO,1,1
2,Scotland,29,29199,MO,1,1
2,Scott,29,29201,MO,1,1
2,Shannon,29,29203,MO,1,1
2,Shelby,29,29205,MO,1,1
2,Stoddard,29,29207,MO,1,1
2,Stone,29,29209,MO,1,1
2,Sullivan,29,29211,MO,1,1
2,Taney,29,29213,MO,1,1
2,Texas,29,29215,MO,1,1
2,Vernon,29,29217,MO,1,1
2,Warren,29,29219,MO,1,1
2,Washington,29,29221,MO,1,1
2,Wayne,29,29223,MO,1,1
2,Webster,29,29225,MO,1,1
2,Worth,29,29227,MO,1,1
2,Wright,29,29229,MO,1,1
2,St Louis City,29,29510,MO,1,1
3,Beaverhead,30,30001,MT,1,1
3,Big Horn,30,30003,MT,1,1
3,Blaine,30,30005,MT,1,1
3,Broadwater,30,30007,MT,1,1
3,Carbon,30,30009,MT,1,1
3,Carter,30,30011,MT,1,1
3,Cascade,30,30013,MT,1,1
3,Chouteau,30,30015,MT,1,1
3,Custer,30,30017,MT,1,1
3,Daniels,30,30019,MT,1,1
3,Dawson,30,30021,MT,1,1
3,Deer Lodge,30,30023,MT,1,1
3,Fallon,30,30025,MT,1,1
3,Fergus,30,30027,MT,1,1
3,Flathead,30,30029,MT,1,1
3,Gallatin,30,30031,MT,1,1
3,Garfield,30,30033,MT,1,1
3,Glacier,30,30035,MT,1,1
3,Golden Valley,30,30037,MT,1,1
3,Granite,30,30039,MT,1,1
3,Hill,30,30041,MT,1,1
3,Jefferson,30,30043,MT,1,1
3,Judith Basin,30,30045,MT,1,1
3,Lake,30,30047,MT,1,1
3,Lewis and Clark,30,30049,MT,1,1
3,Liberty,30,30051,MT,1,1
3,Lincoln,30,30053,MT,1,1
3,McCone,30,30055,MT,1,1
3,Madison,30,30057,MT,1,1
3,Meagher,30,30059,MT,1,1
3,Mineral,30,30061,MT,1,1
3,Missoula,30,30063,MT,1,1
3,Musselshell,30,30065,MT,1,1
3,Park,30,30067,MT,1,1
3,Petroleum,30,30069,MT,1,1
3,Phillips,30,30071,MT,1,1
3,Pondera,30,30073,MT,1,1
3,Powder River,30,30075,MT,1,1
3,Powell,30,30077,MT,1,1
3,Prairie,30,30079,MT,1,1
3,Ravalli,30,30081,MT,1,1
3,Richland,30,30083,MT,1,1
3,Roosevelt,30,30085,MT,1,1
3,Rosebud,30,30087,MT,1,1
3,Sanders,30,30089,MT,1,1
3,Sheridan,30,30091,MT,1,1
3,Silver Bow,30,30093,MT,1,1
3,Stillwater,30,30095,MT,1,1
3,Sweet Grass,30,30097,MT,1,1
3,Teton,30,30099,MT,1,1
3,Toole,30,30101,MT,1,1
3,Treasure,30,30103,MT,1,1
3,Valley,30,30105,MT,1,1
3,Wheatland,30,30107,MT,1,1
3,Wibaux,30,30109,MT,1,1
3,Yellowstone,30,30111,MT,1,1
3,Yellowstone Nat Park,30,30113,MT,1,1
3,Bernalillo,35,35001,NM,1,1
3,Catron,35,35003,NM,1,1
3,Chaves,35,35005,NM,1,1
3,Cibola,35,35006,NM,1,1
3,Colfax,35,35007,NM,1,1
3,Curry,35,35009,NM,1,1
3,De Baca,35,35011,NM,1,1
3,Dona Ana,35,35013,NM,1,1
3,Eddy,35,35015,NM,1,1
3,Grant,35,35017,NM,1,1
3,Guadalupe,35,35019,NM,1,1
3,Harding,35,35021,NM,1,1
3,Hidalgo,35,35023,NM,1,1
3,Lea,35,35025,NM,1,1
3,Lincoln,35,35027,NM,1,1
3,Los Alamos,35,35028,NM,1,1
3,Luna,35,35029,NM,1,1
3,McKinley,35,35031,NM,1,1
3,Mora,35,35033,NM,1,1
3,Otero,35,35035,NM,1,1
3,Quay,35,35037,NM,1,1
3,Rio Arriba,35,35039,NM,1,1
3,Roosevelt,35,35041,NM,1,1
3,Sandoval,35,35043,NM,1,1
3,San Juan,35,35045,NM,1,1
3,San Miguel,35,35047,NM,1,1
3,Santa Fe,35,35049,NM,1,1
3,Sierra,35,35051,NM,1,1
3,Socorro,35,35053,NM,1,1
3,Taos,35,35055,NM,1,1
3,Torrance,35,35057,NM,1,1
3,Union,35,35059,NM,1,1
3,Valencia,35,35061,NM,1,1
1,Allegany,36,36003,NY,1,1
1,Broome,36,36007,NY,1,1
1,Cattaraugus,36,36009,NY,1,1
1,Chautauqua,36,36013,NY,1,1
1,Chemung,36,36015,NY,1,1
1,Chenango,36,36017,NY,1,1
1,Cortland,36,36023,NY,1,1
1,Delaware,36,36025,NY,1,1
1,Otsego,36,36077,NY,1,1
1,Schoharie,36,36095,NY,1,1
1,Schuyler,36,36097,NY,1,1
1,Steuben,36,36101,NY,1,1
1,Tioga,36,36107,NY,1,1
1,Tompkins,36,36109,NY,1,1
1,Alexander,37,37003,NC,1,1
1,Alleghany,37,37005,NC,1,1
1,Ashe,37,37009,NC,1,1
1,Avery,37,37011,NC,1,1
1,Buncombe,37,37021,NC,1,1
1,Burke,37,37023,NC,1,1
1,Caldwell,37,37027,NC,1,1
1,Cherokee,37,37039,NC,1,1
1,Clay,37,37043,NC,1,1
1,Davie,37,37059,NC,1,1
1,Forsyth,37,37067,NC,1,1
1,Graham,37,37075,NC,1,1
1,Haywood,37,37087,NC,1,1
1,Henderson,37,37089,NC,1,1
1,Jackson,37,37099,NC,1,1
1,McDowell,37,37111,NC,1,1
1,Macon,37,37113,NC,1,1
1,Madison,37,37115,NC,1,1
1,Mitchell,37,37121,NC,1,1
1,Polk,37,37149,NC,1,1
1,Rutherford,37,37161,NC,1,1
1,Stokes,37,37169,NC,1,1
1,Surry,37,37171,NC,1,1
1,Swain,37,37173,NC,1,1
1,Transylvania,37,37175,NC,1,1
1,Watauga,37,37189,NC,1,1
1,Wilkes,37,37193,NC,1,1
1,Yadkin,37,37197,NC,1,1
1,Yancey,37,37199,NC,1,1
3,Adams,38,38001,ND,1,1
3,Barnes,38,38003,ND,1,1
3,Benson,38,38005,ND,1,1
3,Billings,38,38007,ND,1,1
3,Bottineau,38,38009,ND,1,1
3,Bowman,38,38011,ND,1,1
3,Burke,38,38013,ND,1,1
3,Burleigh,38,38015,ND,1,1
3,Cass,38,38017,ND,1,1
3,Cavalier,38,38019,ND,1,1
3,Dickey,38,38021,ND,1,1
3,Divide,38,38023,ND,1,1
3,Dunn,38,38025,ND,1,1
3,Eddy,38,38027,ND,1,1
3,Emmons,38,38029,ND,1,1
3,Foster,38,38031,ND,1,1
3,Golden Valley,38,38033,ND,1,1
3,Grand Forks,38,38035,ND,1,1
3,Grant,38,38037,ND,1,1
3,Griggs,38,38039,ND,1,1
3,Hettinger,38,38041,ND,1,1
3,Kidder,38,38043,ND,1,1
3,La Moure,38,38045,ND,1,1
3,Logan,38,38047,ND,1,1
3,McHenry,38,38049,ND,1,1
3,McIntosh,38,38051,ND,1,1
3,McKenzie,38,38053,ND,1,1
3,McLean,38,38055,ND,1,1
3,Mercer,38,38057,ND,1,1
3,Morton,38,38059,ND,1,1
3,Mountrail,38,38061,ND,1,1
3,Nelson,38,38063,ND,1,1
3,Oliver,38,38065,ND,1,1
3,Pembina,38,38067,ND,1,1
3,Pierce,38,38069,ND,1,1
3,Ramsey,38,38071,ND,1,1
3,Ransom,38,38073,ND,1,1
3,Renville,38,38075,ND,1,1
3,Richland,38,38077,ND,1,1
3,Rolette,38,38079,ND,1,1
3,Sargent,38,38081,ND,1,1
3,Sheridan,38,38083,ND,1,1
3,Sioux,38,38085,ND,1,1
3,Slope,38,38087,ND,1,1
3,Stark,38,38089,ND,1,1
3,Steele,38,38091,ND,1,1
3,Stutsman,38,38093,ND,1,1
3,Towner,38,38095,ND,1,1
3,Traill,38,38097,ND,1,1
3,Walsh,38,38099,ND,1,1
3,Ward,38,38101,ND,1,1
3,Wells,38,38103,ND,1,1
3,Williams,38,38105,ND,1,1
1,Adams,39,39001,OH,1,1
1,Ashtabula,39,39007,OH,1,1
1,Athens,39,39009,OH,1,1
1,Belmont,39,39013,OH,1,1
1,Brown,39,39015,OH,1,1
1,Carroll,39,39019,OH,1,1
1,Clermont,39,39025,OH,1,1
1,Columbiana,39,39029,OH,1,1
1,Coshocton,39,39031,OH,1,1
1,Gallia,39,39053,OH,1,1
1,Guernsey,39,39059,OH,1,1
1,Harrison,39,39067,OH,1,1
1,Highland,39,39071,OH,1,1
1,Hocking,39,39073,OH,1,1
1,Holmes,39,39075,OH,1,1
1,Jackson,39,39079,OH,1,1
1,Jefferson,39,39081,OH,1,1
1,Lawrence,39,39087,OH,1,1
1,Mahoning,39,39099,OH,1,1
1,Meigs,39,39105,OH,1,1
1,Monroe,39,39111,OH,1,1
1,Morgan,39,39115,OH,1,1
1,Muskingum,39,39119,OH,1,1
1,Noble,39,39121,OH,1,1
1,Perry,39,39127,OH,1,1
1,Pike,39,39131,OH,1,1
1,Ross,39,39141,OH,1,1
1,Scioto,39,39145,OH,1,1
1,Trumbull,39,39155,OH,1,1
1,Tuscarawas,39,39157,OH,1,1
1,Vinton,39,39163,OH,1,1
1,Washington,39,39167,OH,1,1
2,Adair,40,40001,OK,1,1
2,Alfalfa,40,40003,OK,1,1
2,Atoka,40,40005,OK,1,1
2,Beaver,40,40007,OK,1,1
2,Beckham,40,40009,OK,1,1
2,Blaine,40,40011,OK,1,1
2,Bryan,40,40013,OK,1,1
2,Caddo,40,40015,OK,1,1
2,Canadian,40,40017,OK,1,1
2,Carter,40,40019,OK,1,1
2,Cherokee,40,40021,OK,1,1
2,Choctaw,40,40023,OK,1,1
2,Cimarron,40,40025,OK,1,1
2,Cleveland,40,40027,OK,1,1
2,Coal,40,40029,OK,1,1
2,Comanche,40,40031,OK,1,1
2,Cotton,40,40033,OK,1,1
2,Craig,40,40035,OK,1,1
2,Creek,40,40037,OK,1,1
2,Custer,40,40039,OK,1,1
2,Delaware,40,40041,OK,1,1
2,Dewey,40,40043,OK,1,1
2,Ellis,40,40045,OK,1,1
2,Garfield,40,40047,OK,1,1
2,Garvin,40,40049,OK,1,1
2,Grady,40,40051,OK,1,1
2,Grant,40,40053,OK,1,1
2,Greer,40,40055,OK,1,1
2,Harmon,40,40057,OK,1,1
2,Harper,40,40059,OK,1,1
2,Haskell,40,40061,OK,1,1
2,Hughes,40,40063,OK,1,1
2,Jackson,40,40065,OK,1,1
2,Jefferson,40,40067,OK,1,1
2,Johnston,40,40069,OK,1,1
2,Kay,40,40071,OK,1,1
2,Kingfisher,40,40073,OK,1,1
2,Kiowa,40,40075,OK,1,1
2,Latimer,40,40077,OK,1,1
2,Le Flore,40,40079,OK,1,1
2,Lincoln,40,40081,OK,1,1
2,Logan,40,40083,OK,1,1
2,Love,40,40085,OK,1,1
2,McClain,40,40087,OK,1,1
2,McCurtain,40,40089,OK,1,1
2,McIntosh,40,40091,OK,1,1
2,Major,40,40093,OK,1,1
2,Marshall,40,40095,OK,1,1
2,Mayes,40,40097,OK,1,1
2,Murray,40,40099,OK,1,1
2,Muskogee,40,40101,OK,1,1
2,Noble,40,40103,OK,1,1
2,Nowata,40,40105,OK,1,1
2,Okfuskee,40,40107,OK,1,1
2,Oklahoma,40,40109,OK,1,1
2,Okmulgee,40,40111,OK,1,1
2,Osage,40,40113,OK,1,1
2,Ottawa,40,40115,OK,1,1
2,Pawnee,40,40117,OK,1,1
2,Payne,40,40119,OK,1,1
2,Pittsburg,40,40121,OK,1,1
2,Pontotoc,40,40123,OK,1,1
2,Pottawatomie,40,40125,OK,1,1
2,Pushmataha,40,40127,OK,1,1
2,Roger Mills,40,40129,OK,1,1
2,Rogers,40,40131,OK,1,1
2,Seminole,40,40133,OK,1,1
2,Sequoyah,40,40135,OK,1,1
2,Stephens,40,40137,OK,1,1
2,Texas,40,40139,OK,1,1
2,Tillman,40,40141,OK,1,1
2,Tulsa,40,40143,OK,1,1
2,Wagoner,40,40145,OK,1,1
2,Washington,40,40147,OK,1,1
2,Washita,40,40149,OK,1,1
2,Woods,40,40151,OK,1,1
2,Woodward,40,40153,OK,1,1
1,Allegheny,42,42003,PA,1,1
1,Armstrong,42,42005,PA,1,1
1,Beaver,42,42007,PA,1,1
1,Bedford,42,42009,PA,1,1
1,Blair,42,42013,PA,1,1
1,Bradford,42,42015,PA,1,1
1,Butler,42,42019,PA,1,1
1,Cambria,42,42021,PA,1,1
1,Cameron,42,42023,PA,1,1
1,Carbon,42,42025,PA,1,1
1,Centre,42,42027,PA,1,1
1,Clarion,42,42031,PA,1,1
1,Clearfield,42,42033,PA,1,1
1,Clinton,42,42035,PA,1,1
1,Columbia,42,42037,PA,1,1
1,Crawford,42,42039,PA,1,1
1,Elk,42,42047,PA,1,1
1,Erie,42,42049,PA,1,1
1,Fayette,42,42051,PA,1,1
1,Forest,42,42053,PA,1,1
1,Fulton,42,42057,PA,1,1
1,Greene,42,42059,PA,1,1
1,Huntingdon,42,42061,PA,1,1
1,Indiana,42,42063,PA,1,1
1,Jefferson,42,42065,PA,1,1
1,Juniata,42,42067,PA,1,1
1,Lackawanna,42,42069,PA,1,1
1,Lawrence,42,42073,PA,1,1
1,Luzerne,42,42079,PA,1,1
1,Lycoming,42,42081,PA,1,1
1,McKean,42,42083,PA,1,1
1,Mercer,42,42085,PA,1,1
1,Mifflin,42,42087,PA,1,1
1,Monroe,42,42089,PA,1,1
1,Montour,42,42093,PA,1,1
1,Northumberland,42,42097,PA,1,1
1,Perry,42,42099,PA,1,1
1,Pike,42,42103,PA,1,1
1,Potter,42,42105,PA,1,1
1,Schuylkill,42,42107,PA,1,1
1,Snyder,42,42109,PA,1,1
1,Somerset,42,42111,PA,1,1
1,Sullivan,42,42113,PA,1,1
1,Susquehanna,42,42115,PA,1,1
1,Tioga,42,42117,PA,1,1
1,Union,42,42119,PA,1,1
1,Venango,42,42121,PA,1,1
1,Warren,42,42123,PA,1,1
1,Washington,42,42125,PA,1,1
1,Wayne,42,42127,PA,1,1
1,Westmoreland,42,42129,PA,1,1
1,Wyoming,42,42131,PA,1,1
1,Anderson,45,45007,SC,1,1
1,Cherokee,45,45021,SC,1,1
1,Greenville,45,45045,SC,1,1
1,Oconee,45,45073,SC,1,1
1,Pickens,45,45077,SC,1,1
1,Spartanburg,45,45083,SC,1,1
1,Anderson,47,47001,TN,1,1
1,Bledsoe,47,47007,TN,1,1
1,Blount,47,47009,TN,1,1
1,Bradley,47,47011,TN,1,1
1,Campbell,47,47013,TN,1,1
1,Cannon,47,47015,TN,1,1
1,Carter,47,47019,TN,1,1
1,Claiborne,47,47025,TN,1,1
1,Clay,47,47027,TN,1,1
1,Cocke,47,47029,TN,1,1
1,Coffee,47,47031,TN,1,1
1,Cumberland,47,47035,TN,1,1
1,De Kalb,47,47041,TN,1,1
1,Fentress,47,47049,TN,1,1
1,Franklin,47,47051,TN,1,1
1,Grainger,47,47057,TN,1,1
1,Greene,47,47059,TN,1,1
1,Grundy,47,47061,TN,1,1
1,Hamblen,47,47063,TN,1,1
1,Hamilton,47,47065,TN,1,1
1,Hancock,47,47067,TN,1,1
1,Hawkins,47,47073,TN,1,1
1,Jackson,47,47087,TN,1,1
1,Jefferson,47,47089,TN,1,1
1,Johnson,47,47091,TN,1,1
1,Knox,47,47093,TN,1,1
1,Lawrence,47,47099,TN,1,1
1,Lewis,47,47101,TN,1,1
1,Loudon,47,47105,TN,1,1
1,McMinn,47,47107,TN,1,1
1,Macon,47,47111,TN,1,1
1,Marion,47,47115,TN,1,1
1,Meigs,47,47121,TN,1,1
1,Monroe,47,47123,TN,1,1
1,Morgan,47,47129,TN,1,1
1,Overton,47,47133,TN,1,1
1,Pickett,47,47137,TN,1,1
1,Polk,47,47139,TN,1,1
1,Putnam,47,47141,TN,1,1
1,Rhea,47,47143,TN,1,1
1,Roane,47,47145,TN,1,1
1,Scott,47,47151,TN,1,1
1,Sequatchie,47,47153,TN,1,1
1,Sevier,47,47155,TN,1,1
1,Smith,47,47159,TN,1,1
1,Sullivan,47,47163,TN,1,1
1,Unicoi,47,47171,TN,1,1
1,Union,47,47173,TN,1,1
1,Van Buren,47,47175,TN,1,1
1,Warren,47,47177,TN,1,1
1,Washington,47,47179,TN,1,1
1,White,47,47185,TN,1,1
2,Anderson,48,48001,TX,1,1
2,Andrews,48,48003,TX,1,1
2,Angelina,48,48005,TX,1,1
2,Aransas,48,48007,TX,1,1
2,Archer,48,48009,TX,1,1
2,Armstrong,48,48011,TX,1,1
2,Atascosa,48,48013,TX,1,1
2,Austin,48,48015,TX,1,1
2,Bailey,48,48017,TX,1,1
2,Bandera,48,48019,TX,1,1
2,Bastrop,48,48021,TX,1,1
2,Baylor,48,48023,TX,1,1
2,Bee,48,48025,TX,1,1
2,Bell,48,48027,TX,1,1
2,Bexar,48,48029,TX,1,1
2,Blanco,48,48031,TX,1,1
2,Borden,48,48033,TX,1,1
2,Bosque,48,48035,TX,1,1
2,Bowie,48,48037,TX,1,1
2,Brazoria,48,48039,TX,1,1
2,Brazos,48,48041,TX,1,1
2,Brewster,48,48043,TX,1,1
2,Briscoe,48,48045,TX,1,1
2,Brooks,48,48047,TX,1,1
2,Brown,48,48049,TX,1,1
2,Burleson,48,48051,TX,1,1
2,Burnet,48,48053,TX,1,1
2,Caldwell,48,48055,TX,1,1
2,Calhoun,48,48057,TX,1,1
2,Callahan,48,48059,TX,1,1
2,Cameron,48,48061,TX,1,1
2,Camp,48,48063,TX,1,1
2,Carson,48,48065,TX,1,1
2,Cass,48,48067,TX,1,1
2,Castro,48,48069,TX,1,1
2,Chambers,48,48071,TX,1,1
2,Cherokee,48,48073,TX,1,1
2,Childress,48,48075,TX,1,1
2,Clay,48,48077,TX,1,1
2,Cochran,48,48079,TX,1,1
2,Coke,48,48081,TX,1,1
2,Coleman,48,48083,TX,1,1
2,Collin,48,48085,TX,1,1
2,Collingsworth,48,48087,TX,1,1
2,Colorado,48,48089,TX,1,1
2,Comal,48,48091,TX,1,1
2,Comanche,48,48093,TX,1,1
2,Concho,48,48095,TX,1,1
2,Cooke,48,48097,TX,1,1
2,Coryell,48,48099,TX,1,1
2,Cottle,48,48101,TX,1,1
2,Crane,48,48103,TX,1,1
2,Crockett,48,48105,TX,1,1
2,Crosby,48,48107,TX,1,1
2,Culberson,48,48109,TX,1,1
2,Dallam,48,48111,TX,1,1
2,Dallas,48,48113,TX,1,1
2,Dawson,48,48115,TX,1,1
2,Deaf Smith,48,48117,TX,1,1
2,Delta,48,48119,TX,1,1
2,Denton,48,48121,TX,1,1
2,De Witt,48,48123,TX,1,1
2,Dickens,48,48125,TX,1,1
2,Dimmit,48,48127,TX,1,1
2,Donley,48,48129,TX,1,1
2,Duval,48,48131,TX,1,1
2,Eastland,48,48133,TX,1,1
2,Ector,48,48135,TX,1,1
2,Edwards,48,48137,TX,1,1
2,Ellis,48,48139,TX,1,1
2,El Paso,48,48141,TX,1,1
2,Erath,48,48143,TX,1,1
2,Falls,48,48145,TX,1,1
2,Fannin,48,48147,TX,1,1
2,Fayette,48,48149,TX,1,1
2,Fisher,48,48151,TX,1,1
2,Floyd,48,48153,TX,1,1
2,Foard,48,48155,TX,1,1
2,Fort Bend,48,48157,TX,1,1
2,Franklin,48,48159,TX,1,1
2,Freestone,48,48161,TX,1,1
2,Frio,48,48163,TX,1,1
2,Gaines,48,48165,TX,1,1
2,Galveston,48,48167,TX,1,1
2,Garza,48,48169,TX,1,1
2,Gillespie,48,48171,TX,1,1
2,Glasscock,48,48173,TX,1,1
2,Goliad,48,48175,TX,1,1
2,Gonzales,48,48177,TX,1,1
2,Gray,48,48179,TX,1,1
2,Grayson,48,48181,TX,1,1
2,Gregg,48,48183,TX,1,1
2,Grimes,48,48185,TX,1,1
2,Guadalupe,48,48187,TX,1,1
2,Hale,48,48189,TX,1,1
2,Hall,48,48191,TX,1,1
2,Hamilton,48,48193,TX,1,1
2,Hansford,48,48195,TX,1,1
2,Hardeman,48,48197,TX,1,1
2,Hardin,48,48199,TX,1,1
2,Harris,48,48201,TX,1,1
2,Harrison,48,48203,TX,1,1
2,Hartley,48,48205,TX,1,1
2,Haskell,48,48207,TX,1,1
2,Hays,48,48209,TX,1,1
2,Hemphill,48,48211,TX,1,1
2,Henderson,48,48213,TX,1,1
2,Hidalgo,48,48215,TX,1,1
2,Hill,48,48217,TX,1,1
2,Hockley,48,48219,TX,1,1
2,Hood,48,48221,TX,1,1
2,Hopkins,48,48223,TX,1,1
2,Houston,48,48225,TX,1,1
2,Howard,48,48227,TX,1,1
2,Hudspeth,48,48229,TX,1,1
2,Hunt,48,48231,TX,1,1
2,Hutchinson,48,48233,TX,1,1
2,Irion,48,48235,TX,1,1
2,Jack,48,48237,TX,1,1
2,Jackson,48,48239,TX,1,1
2,Jasper,48,48241,TX,1,1
2,Jeff Davis,48,48243,TX,1,1
2,Jefferson,48,48245,TX,1,1
2,Jim Hogg,48,48247,TX,1,1
2,Jim Wells,48,48249,TX,1,1
2,Johnson,48,48251,TX,1,1
2,Jones,48,48253,TX,1,1
2,Karnes,48,48255,TX,1,1
2,Kaufman,48,48257,TX,1,1
2,Kendall,48,48259,TX,1,1
2,Kenedy,48,48261,TX,1,1
2,Kent,48,48263,TX,1,1
2,Kerr,48,48265,TX,1,1
2,Kimble,48,48267,TX,1,1
2,King,48,48269,TX,1,1
2,Kinney,48,48271,TX,1,1
2,Kleberg,48,48273,TX,1,1
2,Knox,48,48275,TX,1,1
2,Lamar,48,48277,TX,1,1
2,Lamb,48,48279,TX,1,1
2,Lampasas,48,48281,TX,1,1
2,La Salle,48,48283,TX,1,1
2,Lavaca,48,48285,TX,1,1
2,Lee,48,48287,TX,1,1
2,Leon,48,48289,TX,1,1
2,Liberty,48,48291,TX,1,1
2,Limestone,48,48293,TX,1,1
2,Lipscomb,48,48295,TX,1,1
2,Live Oak,48,48297,TX,1,1
2,Llano,48,48299,TX,1,1
2,Loving,48,48301,TX,1,1
2,Lubbock,48,48303,TX,1,1
2,Lynn,48,48305,TX,1,1
2,McCulloch,48,48307,TX,1,1
2,McLennan,48,48309,TX,1,1
2,McMullen,48,48311,TX,1,1
2,Madison,48,48313,TX,1,1
2,Marion,48,48315,TX,1,1
2,Martin,48,48317,TX,1,1
2,Mason,48,48319,TX,1,1
2,Matagorda,48,48321,TX,1,1
2,Maverick,48,48323,TX,1,1
2,Medina,48,48325,TX,1,1
2,Menard,48,48327,TX,1,1
2,Midland,48,48329,TX,1,1
2,Milam,48,48331,TX,1,1
2,Mills,48,48333,TX,1,1
2,Mitchell,48,48335,TX,1,1
2,Montague,48,48337,TX,1,1
2,Montgomery,48,48339,TX,1,1
2,Moore,48,48341,TX,1,1
2,Morris,48,48343,TX,1,1
2,Motley,48,48345,TX,1,1
2,Nacogdoches,48,48347,TX,1,1
2,Navarro,48,48349,TX,1,1
2,Newton,48,48351,TX,1,1
2,Nolan,48,48353,TX,1,1
2,Nueces,48,48355,TX,1,1
2,Ochiltree,48,48357,TX,1,1
2,Oldham,48,48359,TX,1,1
2,Orange,48,48361,TX,1,1
2,Palo Pinto,48,48363,TX,1,1
2,Panola,48,48365,TX,1,1
2,Parker,48,48367,TX,1,1
2,Parmer,48,48369,TX,1,1
2,Pecos,48,48371,TX,1,1
2,Polk,48,48373,TX,1,1
2,Potter,48,48375,TX,1,1
2,Presidio,48,48377,TX,1,1
2,Rains,48,48379,TX,1,1
2,Randall,48,48381,TX,1,1
2,Reagan,48,48383,TX,1,1
2,Real,48,48385,TX,1,1
2,Red River,48,48387,TX,1,1
2,Reeves,48,48389,TX,1,1
2,Refugio,48,48391,TX,1,1
2,Roberts,48,48393,TX,1,1
2,Robertson,48,48395,TX,1,1
2,Rockwall,48,48397,TX,1,1
2,Runnels,48,48399,TX,1,1
2,Rusk,48,48401,TX,1,1
2,Sabine,48,48403,TX,1,1
2,San Augustine,48,48405,TX,1,1
2,San Jacinto,48,48407,TX,1,1
2,San Patricio,48,48409,TX,1,1
2,San Saba,48,48411,TX,1,1
2,Schleicher,48,48413,TX,1,1
2,Scurry,48,48415,TX,1,1
2,Shackelford,48,48417,TX,1,1
2,Shelby,48,48419,TX,1,1
2,Sherman,48,48421,TX,1,1
2,Smith,48,48423,TX,1,1
2,Somervell,48,48425,TX,1,1
2,Starr,48,48427,TX,1,1
2,Stephens,48,48429,TX,1,1
2,Sterling,48,48431,TX,1,1
2,Stonewall,48,48433,TX,1,1
2,Sutton,48,48435,TX,1,1
2,Swisher,48,48437,TX,1,1
2,Tarrant,48,48439,TX,1,1
2,Taylor,48,48441,TX,1,1
2,Terrell,48,48443,TX,1,1
2,Terry,48,48445,TX,1,1
2,Throckmorton,48,48447,TX,1,1
2,Titus,48,48449,TX,1,1
2,Tom Green,48,48451,TX,1,1
2,Travis,48,48453,TX,1,1
2,Trinity,48,48455,TX,1,1
2,Tyler,48,48457,TX,1,1
2,Upshur,48,48459,TX,1,1
2,Upton,48,48461,TX,1,1
2,Uvalde,48,48463,TX,1,1
2,Val Verde,48,48465,TX,1,1
2,Van Zandt,48,48467,TX,1,1
2,Victoria,48,48469,TX,1,1
2,Walker,48,48471,TX,1,1
2,Waller,48,48473,TX,1,1
2,Ward,48,48475,TX,1,1
2,Washington,48,48477,TX,1,1
2,Webb,48,48479,TX,1,1
2,Wharton,48,48481,TX,1,1
2,Wheeler,48,48483,TX,1,1
2,Wichita,48,48485,TX,1,1
2,Wilbarger,48,48487,TX,1,1
2,Willacy,48,48489,TX,1,1
2,Williamson,48,48491,TX,1,1
2,Wilson,48,48493,TX,1,1
2,Winkler,48,48495,TX,1,1
2,Wise,48,48497,TX,1,1
2,Wood,48,48499,TX,1,1
2,Yoakum,48,48501,TX,1,1
2,Young,48,48503,TX,1,1
2,Zapata,48,48505,TX,1,1
2,Zavala,48,48507,TX,1,1
3,Beaver,49,49001,UT,1,1
3,Box Elder,49,49003,UT,1,1
3,Cache,49,49005,UT,1,1
3,Carbon,49,49007,UT,1,1
3,Daggett,49,49009,UT,1,1
3,Davis,49,49011,UT,1,1
3,Duchesne,49,49013,UT,1,1
3,Emery,49,49015,UT,1,1
3,Garfield,49,49017,UT,1,1
3,Grand,49,49019,UT,1,1
3,Iron,49,49021,UT,1,1
3,Juab,49,49023,UT,1,1
3,Kane,49,49025,UT,1,1
3,Millard,49,49027,UT,1,1
3,Morgan,49,49029,UT,1,1
3,Piute,49,49031,UT,1,1
3,Rich,49,49033,UT,1,1
3,Salt Lake,49,49035,UT,1,1
3,San Juan,49,49037,UT,1,1
3,Sanpete,49,49039,UT,1,1
3,Sevier,49,49041,UT,1,1
3,Summit,49,49043,UT,1,1
3,Tooele,49,49045,UT,1,1
3,Uintah,49,49047,UT,1,1
3,Utah,49,49049,UT,1,1
3,Wasatch,49,49051,UT,1,1
3,Washington,49,49053,UT,1,1
3,Wayne,49,49055,UT,1,1
3,Weber,49,49057,UT,1,1
1,Alleghany,51,51005,VA,1,1
1,Bath,51,51017,VA,1,1
1,Bland,51,51021,VA,1,1
1,Botetourt,51,51023,VA,1,1
1,Buchanan,51,51027,VA,1,1
1,Carroll,51,51035,VA,1,1
1,Craig,51,51045,VA,1,1
1,Dickenson,51,51051,VA,1,1
1,Floyd,51,51063,VA,1,1
1,Giles,51,51071,VA,1,1
1,Grayson,51,51077,VA,1,1
1,Henry,51,51089,VA,1,1
1,Highland,51,51091,VA,1,1
1,Lee,51,51105,VA,1,1
1,Montgomery,51,51121,VA,1,1
1,Patrick,51,51141,VA,1,1
1,Pulaski,51,51155,VA,1,1
1,Rockbridge,51,51163,VA,1,1
1,Russell,51,51167,VA,1,1
1,Scott,51,51169,VA,1,1
1,Smyth,51,51173,VA,1,1
1,Tazewell,51,51185,VA,1,1
1,Washington,51,51191,VA,1,1
1,Wise,51,51195,VA,1,1
1,Wythe,51,51197,VA,1,1
3,Adams,53,53001,WA,1,1
3,Asotin,53,53003,WA,1,1
3,Benton,53,53005,WA,1,1
3,Chelan,53,53007,WA,1,1
3,Clallam,53,53009,WA,1,1
3,Clark,53,53011,WA,1,1
3,Columbia,53,53013,WA,1,1
3,Cowlitz,53,53015,WA,1,1
3,Douglas,53,53017,WA,1,1
3,Ferry,53,53019,WA,1,1
3,Franklin,53,53021,WA,1,1
3,Garfield,53,53023,WA,1,1
3,Grant,53,53025,WA,1,1
3,Grays Harbor,53,53027,WA,1,1
3,Island,53,53029,WA,1,1
3,Jefferson,53,53031,WA,1,1
3,King,53,53033,WA,1,1
3,Kitsap,53,53035,WA,1,1
3,Kittitas,53,53037,WA,1,1
3,Klickitat,53,53039,WA,1,1
3,Lewis,53,53041,WA,1,1
3,Lincoln,53,53043,WA,1,1
3,Mason,53,53045,WA,1,1
3,Okanogan,53,53047,WA,1,1
3,Pacific,53,53049,WA,1,1
3,Pend Oreille,53,53051,WA,1,1
3,Pierce,53,53053,WA,1,1
3,San Juan,53,53055,WA,1,1
3,Skagit,53,53057,WA,1,1
3,Skamania,53,53059,WA,1,1
3,Snohomish,53,53061,WA,1,1
3,Spokane,53,53063,WA,1,1
3,Stevens,53,53065,WA,1,1
3,Thurston,53,53067,WA,1,1
3,Wahkiakum,53,53069,WA,1,1
3,Walla Walla,53,53071,WA,1,1
3,Whatcom,53,53073,WA,1,1
3,Whitman,53,53075,WA,1,1
3,Yakima,53,53077,WA,1,1
1,Barbour,54,54001,WV,1,1
1,Berkeley,54,54003,WV,1,1
1,Boone,54,54005,WV,1,1
1,Braxton,54,54007,WV,1,1
1,Brooke,54,54009,WV,1,1
1,Cabell,54,54011,WV,1,1
1,Calhoun,54,54013,WV,1,1
1,Clay,54,54015,WV,1,1
1,Doddridge,54,54017,WV,1,1
1,Fayette,54,54019,WV,1,1
1,Gilmer,54,54021,WV,1,1
1,Grant,54,54023,WV,1,1
1,Greenbrier,54,54025,WV,1,1
1,Hampshire,54,54027,WV,1,1
1,Hancock,54,54029,WV,1,1
1,Hardy,54,54031,WV,1,1
1,Harrison,54,54033,WV,1,1
1,Jackson,54,54035,WV,1,1
1,Jefferson,54,54037,WV,1,1
1,Kanawha,54,54039,WV,1,1
1,Lewis,54,54041,WV,1,1
1,Lincoln,54,54043,WV,1,1
1,Logan,54,54045,WV,1,1
1,McDowell,54,54047,WV,1,1
1,Marion,54,54049,WV,1,1
1,Marshall,54,54051,WV,1,1
1,Mason,54,54053,WV,1,1
1,Mercer,54,54055,WV,1,1
1,Mineral,54,54057,WV,1,1
1,Mingo,54,54059,WV,1,1
1,Monongalia,54,54061,WV,1,1
1,Monroe,54,54063,WV,1,1
1,Morgan,54,54065,WV,1,1
1,Nicholas,54,54067,WV,1,1
1,Ohio,54,54069,WV,1,1
1,Pendleton,54,54071,WV,1,1
1,Pleasants,54,54073,WV,1,1
1,Pocahontas,54,54075,WV,1,1
1,Preston,54,54077,WV,1,1
1,Putnam,54,54079,WV,1,1
1,Raleigh,54,54081,WV,1,1
1,Randolph,54,54083,WV,1,1
1,Ritchie,54,54085,WV,1,1
1,Roane,54,54087,WV,1,1
1,Summers,54,54089,WV,1,1
1,Taylor,54,54091,WV,1,1
1,Tucker,54,54093,WV,1,1
1,Tyler,54,54095,WV,1,1
1,Upshur,54,54097,WV,1,1
1,Wayne,54,54099,WV,1,1
1,Webster,54,54101,WV,1,1
1,Wetzel,54,54103,WV,1,1
1,Wirt,54,54105,WV,1,1
1,Wood,54,54107,WV,1,1
1,Wyoming,54,54109,WV,1,1
3,Albany,56,56001,WY,1,1
3,Big Horn,56,56003,WY,1,1
3,Campbell,56,56005,WY,1,1
3,Carbon,56,56007,WY,1,1
3,Converse,56,56009,WY,1,1
3,Crook,56,56011,WY,1,1
3,Fremont,56,56013,WY,1,1
3,Goshen,56,56015,WY,1,1
3,Hot Springs,56,56017,WY,1,1
3,Johnson,56,56019,WY,1,1
3,Laramie,56,56021,WY,1,1
3,Lincoln,56,56023,WY,1,1
3,Natrona,56,56025,WY,1,1
3,Niobrara,56,56027,WY,1,1
3,Park,56,56029,WY,1,1
3,Platte,56,56031,WY,1,1
3,Sheridan,56,56033,WY,1,1
3,Sublette,56,56035,WY,1,1
3,Sweetwater,56,56037,WY,1,1
3,Teton,56,56039,WY,1,1
3,Uinta,56,56041,WY,1,1
3,Washakie,56,56043,WY,1,1
3,Weston,56,56045,WY,1,1
